Flight Info,Price History
"以經濟艙而言，$4,489屬於一般價位","飛往東京都的相似行程最低航班票價通常介於 $3,850 - 5,900 之間。","60 天前 - $5,889"
"以經濟艙而言，$4,489屬於一般價位","飛往東京都的相似行程最低航班票價通常介於 $3,850 - 5,900 之間。","59 天前 - $5,089"
"以經濟艙而言，$4,489屬於一般價位","飛往東京都的相似行程最低航班票價通常介於 $3,850 - 5,900 之間。","58 天前 - $4,789"
"以經濟艙而言，$4,489屬於一般價位","飛往東京都的相似行程最低航班票價通常介於 $3,850 - 5,900 之間。","57 天前 - $4,489"
"以經濟艙而言，$4,489屬於一般價位","飛往東京都的相似行程最低航班票價通常介於 $3,850 - 5,900 之間。","56 天前 - $4,489"
"以經濟艙而言，$4,489屬於一般價位","飛往東京都的相似行程最低航班票價通常介於 $3,850 - 5,900 之間。","55 天前 - $4,489"
"以經濟艙而言，$4,489屬於一般價位","飛往東京都的相似行程最低航班票價通常介於 $3,850 - 5,900 之間。","54 天前 - $4,489"
"以經濟艙而言，$4,489屬於一般價位","飛往東京都的相似行程最低航班票價通常介於 $3,850 - 5,900 之間。","53 天前 - $4,489"
"以經濟艙而言，$4,489屬於一般價位","飛往東京都的相似行程最低航班票價通常介於 $3,850 - 5,900 之間。","52 天前 - $4,489"
"以經濟艙而言，$4,489屬於一般價位","飛往東京都的相似行程最低航班票價通常介於 $3,850 - 5,900 之間。","51 天前 - $4,489"
"以經濟艙而言，$4,489屬於一般價位","飛往東京都的相似行程最低航班票價通常介於 $3,850 - 5,900 之間。","50 天前 - $4,489"
"以經濟艙而言，$4,489屬於一般價位","飛往東京都的相似行程最低航班票價通常介於 $3,850 - 5,900 之間。","49 天前 - $4,489"
"以經濟艙而言，$4,489屬於一般價位","飛往東京都的相似行程最低航班票價通常介於 $3,850 - 5,900 之間。","48 天前 - $4,489"
"以經濟艙而言，$4,489屬於一般價位","飛往東京都的相似行程最低航班票價通常介於 $3,850 - 5,900 之間。","47 天前 - $4,489"
"以經濟艙而言，$4,489屬於一般價位","飛往東京都的相似行程最低航班票價通常介於 $3,850 - 5,900 之間。","46 天前 - $4,489"
"以經濟艙而言，$4,489屬於一般價位","飛往東京都的相似行程最低航班票價通常介於 $3,850 - 5,900 之間。","45 天前 - $4,489"
"以經濟艙而言，$4,489屬於一般價位","飛往東京都的相似行程最低航班票價通常介於 $3,850 - 5,900 之間。","44 天前 - $4,489"
"以經濟艙而言，$4,489屬於一般價位","飛往東京都的相似行程最低航班票價通常介於 $3,850 - 5,900 之間。","43 天前 - $4,489"
"以經濟艙而言，$4,489屬於一般價位","飛往東京都的相似行程最低航班票價通常介於 $3,850 - 5,900 之間。","42 天前 - $4,489"
"以經濟艙而言，$4,489屬於一般價位","飛往東京都的相似行程最低航班票價通常介於 $3,850 - 5,900 之間。","41 天前 - $4,189"
"以經濟艙而言，$4,489屬於一般價位","飛往東京都的相似行程最低航班票價通常介於 $3,850 - 5,900 之間。","40 天前 - $4,489"
"以經濟艙而言，$4,489屬於一般價位","飛往東京都的相似行程最低航班票價通常介於 $3,850 - 5,900 之間。","39 天前 - $4,489"
"以經濟艙而言，$4,489屬於一般價位","飛往東京都的相似行程最低航班票價通常介於 $3,850 - 5,900 之間。","38 天前 - $4,489"
"以經濟艙而言，$4,489屬於一般價位","飛往東京都的相似行程最低航班票價通常介於 $3,850 - 5,900 之間。","37 天前 - $4,489"
"以經濟艙而言，$4,489屬於一般價位","飛往東京都的相似行程最低航班票價通常介於 $3,850 - 5,900 之間。","36 天前 - $4,489"
"以經濟艙而言，$4,489屬於一般價位","飛往東京都的相似行程最低航班票價通常介於 $3,850 - 5,900 之間。","35 天前 - $4,489"
"以經濟艙而言，$4,489屬於一般價位","飛往東京都的相似行程最低航班票價通常介於 $3,850 - 5,900 之間。","34 天前 - $4,189"
"以經濟艙而言，$4,489屬於一般價位","飛往東京都的相似行程最低航班票價通常介於 $3,850 - 5,900 之間。","33 天前 - $4,189"
"以經濟艙而言，$4,489屬於一般價位","飛往東京都的相似行程最低航班票價通常介於 $3,850 - 5,900 之間。","32 天前 - $4,189"
"以經濟艙而言，$4,489屬於一般價位","飛往東京都的相似行程最低航班票價通常介於 $3,850 - 5,900 之間。","31 天前 - $4,189"
"以經濟艙而言，$4,489屬於一般價位","飛往東京都的相似行程最低航班票價通常介於 $3,850 - 5,900 之間。","30 天前 - $4,189"
"以經濟艙而言，$4,489屬於一般價位","飛往東京都的相似行程最低航班票價通常介於 $3,850 - 5,900 之間。","29 天前 - $4,189"
"以經濟艙而言，$4,489屬於一般價位","飛往東京都的相似行程最低航班票價通常介於 $3,850 - 5,900 之間。","28 天前 - $4,189"
"以經濟艙而言，$4,489屬於一般價位","飛往東京都的相似行程最低航班票價通常介於 $3,850 - 5,900 之間。","27 天前 - $4,189"
"以經濟艙而言，$4,489屬於一般價位","飛往東京都的相似行程最低航班票價通常介於 $3,850 - 5,900 之間。","26 天前 - $4,189"
"以經濟艙而言，$4,489屬於一般價位","飛往東京都的相似行程最低航班票價通常介於 $3,850 - 5,900 之間。","25 天前 - $4,189"
"以經濟艙而言，$4,489屬於一般價位","飛往東京都的相似行程最低航班票價通常介於 $3,850 - 5,900 之間。","24 天前 - $4,189"
"以經濟艙而言，$4,489屬於一般價位","飛往東京都的相似行程最低航班票價通常介於 $3,850 - 5,900 之間。","23 天前 - $4,189"
"以經濟艙而言，$4,489屬於一般價位","飛往東京都的相似行程最低航班票價通常介於 $3,850 - 5,900 之間。","22 天前 - $4,189"
"以經濟艙而言，$4,489屬於一般價位","飛往東京都的相似行程最低航班票價通常介於 $3,850 - 5,900 之間。","21 天前 - $4,189"
"以經濟艙而言，$4,489屬於一般價位","飛往東京都的相似行程最低航班票價通常介於 $3,850 - 5,900 之間。","20 天前 - $4,189"
"以經濟艙而言，$4,489屬於一般價位","飛往東京都的相似行程最低航班票價通常介於 $3,850 - 5,900 之間。","19 天前 - $4,189"
"以經濟艙而言，$4,489屬於一般價位","飛往東京都的相似行程最低航班票價通常介於 $3,850 - 5,900 之間。","18 天前 - $3,589"
"以經濟艙而言，$4,489屬於一般價位","飛往東京都的相似行程最低航班票價通常介於 $3,850 - 5,900 之間。","17 天前 - $3,589"
"以經濟艙而言，$4,489屬於一般價位","飛往東京都的相似行程最低航班票價通常介於 $3,850 - 5,900 之間。","16 天前 - $3,589"
"以經濟艙而言，$4,489屬於一般價位","飛往東京都的相似行程最低航班票價通常介於 $3,850 - 5,900 之間。","15 天前 - $3,589"
"以經濟艙而言，$4,489屬於一般價位","飛往東京都的相似行程最低航班票價通常介於 $3,850 - 5,900 之間。","14 天前 - $3,589"
"以經濟艙而言，$4,489屬於一般價位","飛往東京都的相似行程最低航班票價通常介於 $3,850 - 5,900 之間。","13 天前 - $3,589"
"以經濟艙而言，$4,489屬於一般價位","飛往東京都的相似行程最低航班票價通常介於 $3,850 - 5,900 之間。","12 天前 - $3,889"
"以經濟艙而言，$4,489屬於一般價位","飛往東京都的相似行程最低航班票價通常介於 $3,850 - 5,900 之間。","11 天前 - $3,889"
"以經濟艙而言，$4,489屬於一般價位","飛往東京都的相似行程最低航班票價通常介於 $3,850 - 5,900 之間。","10 天前 - $3,889"
"以經濟艙而言，$4,489屬於一般價位","飛往東京都的相似行程最低航班票價通常介於 $3,850 - 5,900 之間。","9 天前 - $4,189"
"以經濟艙而言，$4,489屬於一般價位","飛往東京都的相似行程最低航班票價通常介於 $3,850 - 5,900 之間。","8 天前 - $4,189"
"以經濟艙而言，$4,489屬於一般價位","飛往東京都的相似行程最低航班票價通常介於 $3,850 - 5,900 之間。","7 天前 - $4,189"
"以經濟艙而言，$4,489屬於一般價位","飛往東京都的相似行程最低航班票價通常介於 $3,850 - 5,900 之間。","6 天前 - $4,189"
"以經濟艙而言，$4,489屬於一般價位","飛往東京都的相似行程最低航班票價通常介於 $3,850 - 5,900 之間。","5 天前 - $4,189"
"以經濟艙而言，$4,489屬於一般價位","飛往東京都的相似行程最低航班票價通常介於 $3,850 - 5,900 之間。","4 天前 - $4,489"
"以經濟艙而言，$4,489屬於一般價位","飛往東京都的相似行程最低航班票價通常介於 $3,850 - 5,900 之間。","3 天前 - $4,489"
"以經濟艙而言，$4,489屬於一般價位","飛往東京都的相似行程最低航班票價通常介於 $3,850 - 5,900 之間。","2 天前 - $4,489"
"以經濟艙而言，$4,489屬於一般價位","飛往東京都的相似行程最低航班票價通常介於 $3,850 - 5,900 之間。","1 天前 - $4,489"
"以經濟艙而言，$4,489屬於一般價位","飛往東京都的相似行程最低航班票價通常介於 $3,850 - 5,900 之間。","今天 - $4,489"
